occupation,education,education_years
"Accountants and Auditors","Bachelor's degree",21.0
Actors,"Some college, no degree",18.0
Actuaries,"Bachelor's degree",21.0
Acupuncturists,"Doctoral or professional degree",22.0
"Acute Care Nurses","Bachelor's degree",21.0
"Adapted Physical Education Specialists","Bachelor's degree",21.0
"Adhesive Bonding Machine Operators and Tenders","High school diploma or equivalent",17.0
"Administrative Law Judges, Adjudicators, and Hearing Officers","Doctoral or professional degree",22.0
"Administrative Services Managers","Postsecondary nondegree award",18.5
"Adult Basic Education, Adult Secondary Education, and English as a Second Language Instructors","Bachelor's degree",21.0
"Advanced Practice Psychiatric Nurses","Bachelor's degree",21.0
"Advertising Sales Agents","High school diploma or equivalent",17.0
"Advertising and Promotions Managers","Bachelor's degree",21.0
"Aerospace Engineering and Operations Technologists and Technicians","Associate's degree",19.0
"Aerospace Engineers","Bachelor's degree",21.0
"Agents and Business Managers of Artists, Performers, and Athletes","Bachelor's degree",21.0
"Agricultural Engineers","Bachelor's degree",21.0
"Agricultural Equipment Operators","No formal educational credential",14.0
"Agricultural Inspectors","Bachelor's degree",21.0
"Agricultural Sciences Teachers, Postsecondary","Doctoral or professional degree",22.0
"Agricultural Technicians","Postsecondary nondegree award",18.5
"Air Traffic Controllers","Associate's degree",19.0
"Aircraft Cargo Handling Supervisors","High school diploma or equivalent",17.0
"Aircraft Mechanics and Service Technicians","Postsecondary nondegree award",18.5
"Aircraft Structure, Surfaces, Rigging, and Systems Assemblers","High school diploma or equivalent",17.0
"Airfield Operations Specialists","High school diploma or equivalent",17.0
"Airline Pilots, Copilots, and Flight Engineers","Bachelor's degree",21.0
"Allergists and Immunologists","Doctoral or professional degree",22.0
"Ambulance Drivers and Attendants, Except Emergency Medical Technicians","High school diploma or equivalent",17.0
"Amusement and Recreation Attendants","No formal educational credential",14.0
"Anesthesiologist Assistants","Master's degree",22.0
Anesthesiologists,"Doctoral or professional degree",22.0
"Animal Breeders","High school diploma or equivalent",17.0
"Animal Caretakers","High school diploma or equivalent",17.0
"Animal Control Workers","High school diploma or equivalent",17.0
"Animal Scientists","Bachelor's degree",21.0
"Animal Trainers","High school diploma or equivalent",17.0
"Anthropologists and Archeologists","Master's degree",22.0
"Anthropology and Archeology Teachers, Postsecondary","Doctoral or professional degree",22.0
"Appraisers and Assessors of Real Estate","Bachelor's degree",21.0
"Arbitrators, Mediators, and Conciliators","Bachelor's degree",21.0
"Architects, Except Landscape and Naval","Bachelor's degree",21.0
"Architectural and Civil Drafters","Associate's degree",19.0
"Architectural and Engineering Managers","Bachelor's degree",21.0
"Architecture Teachers, Postsecondary","Doctoral or professional degree",22.0
Archivists,"Master's degree",22.0
"Area, Ethnic, and Cultural Studies Teachers, Postsecondary","Doctoral or professional degree",22.0
"Art Directors","Bachelor's degree",21.0
"Art Therapists","Bachelor's degree",21.0
"Art, Drama, and Music Teachers, Postsecondary","Master's degree",22.0
Astronomers,"Doctoral or professional degree",22.0
"Athletes and Sports Competitors","No formal educational credential",14.0
"Athletic Trainers","Bachelor's degree",21.0
"Atmospheric and Space Scientists","Bachelor's degree",21.0
"Atmospheric, Earth, Marine, and Space Sciences Teachers, Postsecondary","Doctoral or professional degree",22.0
"Audio and Video Technicians","Postsecondary nondegree award",18.5
Audiologists,"Doctoral or professional degree",22.0
"Audiovisual Equipment Installers and Repairers","Postsecondary nondegree award",18.5
"Automotive Body and Related Repairers","High school diploma or equivalent",17.0
"Automotive Engineering Technicians","Associate's degree",19.0
"Automotive Engineers","Bachelor's degree",21.0
"Automotive Glass Installers and Repairers","High school diploma or equivalent",17.0
"Automotive Service Technicians and Mechanics","Postsecondary nondegree award",18.5
"Automotive and Watercraft Service Attendants","No formal educational credential",14.0
"Aviation Inspectors","High school diploma or equivalent",17.0
"Avionics Technicians","Associate's degree",19.0
"Baggage Porters and Bellhops","High school diploma or equivalent",17.0
Bailiffs,"High school diploma or equivalent",17.0
Bakers,"No formal educational credential",14.0
Barbers,"Postsecondary nondegree award",18.5
Baristas,"No formal educational credential",14.0
Bartenders,"No formal educational credential",14.0
"Bicycle Repairers","High school diploma or equivalent",17.0
"Bill and Account Collectors","High school diploma or equivalent",17.0
"Billing and Posting Clerks","High school diploma or equivalent",17.0
"Biochemists and Biophysicists","Doctoral or professional degree",22.0
"Bioengineers and Biomedical Engineers","Bachelor's degree",21.0
"Biofuels Processing Technicians","High school diploma or equivalent",17.0
"Biofuels Production Managers","Bachelor's degree",21.0
"Biofuels/Biodiesel Technology and Product Development Managers","Bachelor's degree",21.0
"Bioinformatics Scientists","Bachelor's degree",21.0
"Bioinformatics Technicians","Bachelor's degree",21.0
"Biological Science Teachers, Postsecondary","Doctoral or professional degree",22.0
"Biological Technicians","Bachelor's degree",21.0
Biologists,"Bachelor's degree",21.0
"Biomass Plant Technicians","High school diploma or equivalent",17.0
"Biomass Power Plant Managers","Bachelor's degree",21.0
Biostatisticians,"Master's degree",22.0
Boilermakers,"High school diploma or equivalent",17.0
"Bookkeeping, Accounting, and Auditing Clerks","Some college, no degree",18.0
"Brickmasons and Blockmasons","High school diploma or equivalent",17.0
"Bridge and Lock Tenders","High school diploma or equivalent",17.0
"Broadcast Announcers and Radio Disc Jockeys","Bachelor's degree",21.0
"Broadcast Technicians","Associate's degree",19.0
"Brokerage Clerks","High school diploma or equivalent",17.0
"Brownfield Redevelopment Specialists and Site Managers","Bachelor's degree",21.0
"Budget Analysts","Bachelor's degree",21.0
"Bus Drivers, Transit and Intercity","High school diploma or equivalent",17.0
"Bus and Truck Mechanics and Diesel Engine Specialists","High school diploma or equivalent",17.0
"Business Continuity Planners","Bachelor's degree",21.0
"Business Intelligence Analysts","Bachelor's degree",21.0
"Business Teachers, Postsecondary","Doctoral or professional degree",22.0
"Butchers and Meat Cutters","No formal educational credential",14.0
"Buyers and Purchasing Agents, Farm Products","Bachelor's degree",21.0
"Cabinetmakers and Bench Carpenters","High school diploma or equivalent",17.0
"Camera Operators, Television, Video, and Film","Bachelor's degree",21.0
"Camera and Photographic Equipment Repairers","High school diploma or equivalent",17.0
"Captains, Mates, and Pilots of Water Vessels","Postsecondary nondegree award",18.5
"Cardiovascular Technologists and Technicians","Associate's degree",19.0
"Career/Technical Education Teachers, Middle School","Bachelor's degree",21.0
"Career/Technical Education Teachers, Postsecondary","Bachelor's degree",21.0
"Career/Technical Education Teachers, Secondary School","Bachelor's degree",21.0
"Cargo and Freight Agents","High school diploma or equivalent",17.0
Carpenters,"High school diploma or equivalent",17.0
"Carpet Installers","No formal educational credential",14.0
"Cartographers and Photogrammetrists","Bachelor's degree",21.0
Cashiers,"No formal educational credential",14.0
"Cement Masons and Concrete Finishers","No formal educational credential",14.0
"Chefs and Head Cooks","High school diploma or equivalent",17.0
"Chemical Engineers","Bachelor's degree",21.0
"Chemical Equipment Operators and Tenders","High school diploma or equivalent",17.0
"Chemical Plant and System Operators","High school diploma or equivalent",17.0
"Chemical Technicians","Associate's degree",19.0
"Chemistry Teachers, Postsecondary","Doctoral or professional degree",22.0
Chemists,"Bachelor's degree",21.0
"Chief Executives","Bachelor's degree",21.0
"Chief Sustainability Officers","Bachelor's degree",21.0
"Child, Family, and School Social Workers","Bachelor's degree",21.0
"Childcare Workers","High school diploma or equivalent",17.0
Chiropractors,"Doctoral or professional degree",22.0
Choreographers,"High school diploma or equivalent",17.0
"Civil Engineering Technologists and Technicians","Associate's degree",19.0
"Civil Engineers","Bachelor's degree",21.0
"Claims Adjusters, Examiners, and Investigators","High school diploma or equivalent",17.0
"Cleaners of Vehicles and Equipment","No formal educational credential",14.0
"Cleaning, Washing, and Metal Pickling Equipment Operators and Tenders","High school diploma or equivalent",17.0
Clergy,"Bachelor's degree",21.0
"Climate Change Policy Analysts","Bachelor's degree",21.0
"Clinical Data Managers","Bachelor's degree",21.0
"Clinical Nurse Specialists","Bachelor's degree",21.0
"Clinical Research Coordinators","Bachelor's degree",21.0
"Clinical and Counseling Psychologists","Master's degree",22.0
"Coaches and Scouts","Bachelor's degree",21.0
"Coating, Painting, and Spraying Machine Setters, Operators, and Tenders","High school diploma or equivalent",17.0
"Coil Winders, Tapers, and Finishers","High school diploma or equivalent",17.0
"Coin, Vending, and Amusement Machine Servicers and Repairers","High school diploma or equivalent",17.0
"Commercial Divers","Postsecondary nondegree award",18.5
"Commercial Pilots","High school diploma or equivalent",17.0
"Commercial and Industrial Designers","Bachelor's degree",21.0
"Communications Teachers, Postsecondary","Doctoral or professional degree",22.0
"Community Health Workers","High school diploma or equivalent",17.0
"Compensation and Benefits Managers","Bachelor's degree",21.0
"Compensation, Benefits, and Job Analysis Specialists","Bachelor's degree",21.0
"Compliance Managers","Bachelor's degree",21.0
"Compliance Officers","Bachelor's degree",21.0
"Computer Hardware Engineers","Bachelor's degree",21.0
"Computer Network Architects","Bachelor's degree",21.0
"Computer Network Support Specialists","Associate's degree",19.0
"Computer Numerically Controlled Tool Operators","High school diploma or equivalent",17.0
"Computer Numerically Controlled Tool Programmers","Postsecondary nondegree award",18.5
"Computer Programmers","Bachelor's degree",21.0
"Computer Science Teachers, Postsecondary","Doctoral or professional degree",22.0
"Computer Systems Analysts","Bachelor's degree",21.0
"Computer Systems Engineers/Architects","Bachelor's degree",21.0
"Computer User Support Specialists","Some college, no degree",18.0
"Computer and Information Research Scientists","Master's degree",22.0
"Computer and Information Systems Managers","Bachelor's degree",21.0
"Computer, Automated Teller, and Office Machine Repairers","Some college, no degree",18.0
Concierges,"High school diploma or equivalent",17.0
"Conservation Scientists","Bachelor's degree",21.0
"Construction Laborers","No formal educational credential",14.0
"Construction Managers","Bachelor's degree",21.0
"Construction and Building Inspectors","High school diploma or equivalent",17.0
"Continuous Mining Machine Operators","No formal educational credential",14.0
"Control and Valve Installers and Repairers, Except Mechanical Door","High school diploma or equivalent",17.0
"Conveyor Operators and Tenders","No formal educational credential",14.0
"Cooks, Fast Food","No formal educational credential",14.0
"Cooks, Institution and Cafeteria","No formal educational credential",14.0
"Cooks, Private Household","Postsecondary nondegree award",18.5
"Cooks, Restaurant","No formal educational credential",14.0
"Cooks, Short Order","No formal educational credential",14.0
"Cooling and Freezing Equipment Operators and Tenders","High school diploma or equivalent",17.0
Coroners,"Bachelor's degree",21.0
"Correctional Officers and Jailers","High school diploma or equivalent",17.0
"Correspondence Clerks","High school diploma or equivalent",17.0
"Cost Estimators","Bachelor's degree",21.0
"Costume Attendants","High school diploma or equivalent",17.0
"Counter and Rental Clerks","No formal educational credential",14.0
"Couriers and Messengers","High school diploma or equivalent",17.0
"Court Reporters and Simultaneous Captioners","Postsecondary nondegree award",18.5
"Court, Municipal, and License Clerks","High school diploma or equivalent",17.0
"Craft Artists","No formal educational credential",14.0
"Crane and Tower Operators","High school diploma or equivalent",17.0
"Credit Analysts","Bachelor's degree",21.0
"Credit Authorizers, Checkers, and Clerks","High school diploma or equivalent",17.0
"Credit Counselors","Bachelor's degree",21.0
"Criminal Justice and Law Enforcement Teachers, Postsecondary","Doctoral or professional degree",22.0
"Critical Care Nurses","Bachelor's degree",21.0
"Crossing Guards and Flaggers","No formal educational credential",14.0
"Crushing, Grinding, and Polishing Machine Setters, Operators, and Tenders","High school diploma or equivalent",17.0
Curators,"Master's degree",22.0
"Customer Service Representatives","High school diploma or equivalent",17.0
"Customs Brokers","Bachelor's degree",21.0
"Customs and Border Protection Officers","High school diploma or equivalent",17.0
"Cutters and Trimmers, Hand","No formal educational credential",14.0
"Cutting and Slicing Machine Setters, Operators, and Tenders","High school diploma or equivalent",17.0
"Cutting, Punching, and Press Machine Setters, Operators, and Tenders, Metal and Plastic","High school diploma or equivalent",17.0
"Cytogenetic Technologists","Bachelor's degree",21.0
Cytotechnologists,"Doctoral or professional degree",22.0
Dancers,"No formal educational credential",14.0
"Data Entry Keyers","High school diploma or equivalent",17.0
"Data Warehousing Specialists","Bachelor's degree",21.0
"Database Administrators","Bachelor's degree",21.0
"Database Architects","Bachelor's degree",21.0
"Demonstrators and Product Promoters","No formal educational credential",14.0
"Dental Assistants","Postsecondary nondegree award",18.5
"Dental Hygienists","Associate's degree",19.0
"Dental Laboratory Technicians","High school diploma or equivalent",17.0
"Dentists, General","Doctoral or professional degree",22.0
Dermatologists,"Doctoral or professional degree",22.0
"Derrick Operators, Oil and Gas","No formal educational credential",14.0
"Desktop Publishers","Associate's degree",19.0
"Detectives and Criminal Investigators","High school diploma or equivalent",17.0
"Diagnostic Medical Sonographers","Associate's degree",19.0
"Dietetic Technicians","Associate's degree",19.0
"Dietitians and Nutritionists","Bachelor's degree",21.0
"Dining Room and Cafeteria Attendants and Bartender Helpers","No formal educational credential",14.0
"Directors, Religious Activities and Education","Bachelor's degree",21.0
Dishwashers,"No formal educational credential",14.0
"Dispatchers, Except Police, Fire, and Ambulance","High school diploma or equivalent",17.0
"Document Management Specialists","Bachelor's degree",21.0
"Door-to-Door Sales Workers, News and Street Vendors, and Related Workers","No formal educational credential",14.0
"Dredge Operators","High school diploma or equivalent",17.0
"Drilling and Boring Machine Tool Setters, Operators, and Tenders, Metal and Plastic","High school diploma or equivalent",17.0
"Driver/Sales Workers","High school diploma or equivalent",17.0
"Drywall and Ceiling Tile Installers","No formal educational credential",14.0
"Earth Drillers, Except Oil and Gas","High school diploma or equivalent",17.0
"Economics Teachers, Postsecondary","Doctoral or professional degree",22.0
Economists,"Master's degree",22.0
Editors,"Bachelor's degree",21.0
"Education Administrators, Kindergarten through Secondary","Master's degree",22.0
"Education Administrators, Postsecondary","Master's degree",22.0
"Education Teachers, Postsecondary","Doctoral or professional degree",22.0
"Education and Childcare Administrators, Preschool and Daycare","Bachelor's degree",21.0
"Educational, Guidance, and Career Counselors and Advisors","Master's degree",22.0
"Electric Motor, Power Tool, and Related Repairers","High school diploma or equivalent",17.0
"Electrical Engineers","Bachelor's degree",21.0
"Electrical Power-Line Installers and Repairers","High school diploma or equivalent",17.0
"Electrical and Electronic Engineering Technologists and Technicians","Associate's degree",19.0
"Electrical and Electronic Equipment Assemblers","High school diploma or equivalent",17.0
"Electrical and Electronics Drafters","Associate's degree",19.0
"Electrical and Electronics Installers and Repairers, Transportation Equipment","Postsecondary nondegree award",18.5
"Electrical and Electronics Repairers, Commercial and Industrial Equipment","Postsecondary nondegree award",18.5
"Electrical and Electronics Repairers, Powerhouse, Substation, and Relay","Postsecondary nondegree award",18.5
Electricians,"High school diploma or equivalent",17.0
"Electro-Mechanical and Mechatronics Technologists and Technicians","Associate's degree",19.0
"Electromechanical Equipment Assemblers","High school diploma or equivalent",17.0
"Electronic Equipment Installers and Repairers, Motor Vehicles","High school diploma or equivalent",17.0
"Electronics Engineers, Except Computer","Bachelor's degree",21.0
"Elementary School Teachers, Except Special Education","Bachelor's degree",21.0
"Elevator and Escalator Installers and Repairers","High school diploma or equivalent",17.0
"Eligibility Interviewers, Government Programs","High school diploma or equivalent",17.0
Embalmers,"Associate's degree",19.0
"Emergency Management Directors","Bachelor's degree",21.0
"Endoscopy Technicians","High school diploma or equivalent",17.0
"Energy Auditors","High school diploma or equivalent",17.0
"Energy Engineers, Except Wind and Solar","Bachelor's degree",21.0
"Engine and Other Machine Assemblers","High school diploma or equivalent",17.0
"Engineering Teachers, Postsecondary","Doctoral or professional degree",22.0
"English Language and Literature Teachers, Postsecondary","Doctoral or professional degree",22.0
"Environmental Compliance Inspectors","Bachelor's degree",21.0
"Environmental Economists","Master's degree",22.0
"Environmental Engineering Technologists and Technicians","Associate's degree",19.0
"Environmental Engineers","Bachelor's degree",21.0
"Environmental Restoration Planners","Bachelor's degree",21.0
"Environmental Science Teachers, Postsecondary","Doctoral or professional degree",22.0
"Environmental Science and Protection Technicians, Including Health","Associate's degree",19.0
"Environmental Scientists and Specialists, Including Health","Bachelor's degree",21.0
Epidemiologists,"Master's degree",22.0
"Equal Opportunity Representatives and Officers","Bachelor's degree",21.0
"Etchers and Engravers","High school diploma or equivalent",17.0
"Excavating and Loading Machine and Dragline Operators, Surface Mining","High school diploma or equivalent",17.0
"Executive Secretaries and Executive Administrative Assistants","High school diploma or equivalent",17.0
"Exercise Physiologists","Bachelor's degree",21.0
"Exercise Trainers and Group Fitness Instructors","High school diploma or equivalent",17.0
"Explosives Workers, Ordnance Handling Experts, and Blasters","High school diploma or equivalent",17.0
"Extruding and Drawing Machine Setters, Operators, and Tenders, Metal and Plastic","High school diploma or equivalent",17.0
"Extruding and Forming Machine Setters, Operators, and Tenders, Synthetic and Glass Fibers","High school diploma or equivalent",17.0
"Extruding, Forming, Pressing, and Compacting Machine Setters, Operators, and Tenders","High school diploma or equivalent",17.0
"Fabric and Apparel Patternmakers","High school diploma or equivalent",17.0
Fallers,"High school diploma or equivalent",17.0
"Family Medicine Physicians","Doctoral or professional degree",22.0
"Family and Consumer Sciences Teachers, Postsecondary","Doctoral or professional degree",22.0
"Farm Equipment Mechanics and Service Technicians","High school diploma or equivalent",17.0
"Farm Labor Contractors","No formal educational credential",14.0
"Farm and Home Management Educators","Master's degree",22.0
"Farmers, Ranchers, and Other Agricultural Managers","High school diploma or equivalent",17.0
"Farmworkers and Laborers, Crop, Nursery, and Greenhouse","No formal educational credential",14.0
"Farmworkers, Farm, Ranch, and Aquacultural Animals","No formal educational credential",14.0
"Fashion Designers","Bachelor's degree",21.0
"Fast Food and Counter Workers","No formal educational credential",14.0
"Fence Erectors","No formal educational credential",14.0
"Fiberglass Laminators and Fabricators","High school diploma or equivalent",17.0
"File Clerks","High school diploma or equivalent",17.0
"Film and Video Editors","Bachelor's degree",21.0
"Financial Examiners","Bachelor's degree",21.0
"Financial Managers","Bachelor's degree",21.0
"Financial Quantitative Analysts","Master's degree",22.0
"Fine Artists, Including Painters, Sculptors, and Illustrators","Bachelor's degree",21.0
"Fire Inspectors and Investigators","Postsecondary nondegree award",18.5
"Fire-Prevention and Protection Engineers","Bachelor's degree",21.0
Firefighters,"Postsecondary nondegree award",18.5
"First-Line Supervisors of Construction Trades and Extraction Workers","High school diploma or equivalent",17.0
"First-Line Supervisors of Correctional Officers","High school diploma or equivalent",17.0
"First-Line Supervisors of Farming, Fishing, and Forestry Workers","High school diploma or equivalent",17.0
"First-Line Supervisors of Firefighting and Prevention Workers","Postsecondary nondegree award",18.5
"First-Line Supervisors of Food Preparation and Serving Workers","High school diploma or equivalent",17.0
"First-Line Supervisors of Gambling Services Workers","High school diploma or equivalent",17.0
"First-Line Supervisors of Helpers, Laborers, and Material Movers, Hand","High school diploma or equivalent",17.0
"First-Line Supervisors of Housekeeping and Janitorial Workers","High school diploma or equivalent",17.0
"First-Line Supervisors of Landscaping, Lawn Service, and Groundskeeping Workers","High school diploma or equivalent",17.0
"First-Line Supervisors of Material-Moving Machine and Vehicle Operators","High school diploma or equivalent",17.0
"First-Line Supervisors of Mechanics, Installers, and Repairers","High school diploma or equivalent",17.0
"First-Line Supervisors of Non-Retail Sales Workers","High school diploma or equivalent",17.0
"First-Line Supervisors of Office and Administrative Support Workers","High school diploma or equivalent",17.0
"First-Line Supervisors of Personal Service Workers","Postsecondary nondegree award",18.5
"First-Line Supervisors of Police and Detectives","High school diploma or equivalent",17.0
"First-Line Supervisors of Production and Operating Workers","High school diploma or equivalent",17.0
"First-Line Supervisors of Retail Sales Workers","High school diploma or equivalent",17.0
"Fish and Game Wardens","Bachelor's degree",21.0
"Fishing and Hunting Workers","No formal educational credential",14.0
"Fitness and Wellness Coordinators","Bachelor's degree",21.0
"Flight Attendants","High school diploma or equivalent",17.0
"Floor Layers, Except Carpet, Wood, and Hard Tiles","No formal educational credential",14.0
"Floor Sanders and Finishers","No formal educational credential",14.0
"Floral Designers","High school diploma or equivalent",17.0
"Food Batchmakers","High school diploma or equivalent",17.0
"Food Cooking Machine Operators and Tenders","High school diploma or equivalent",17.0
"Food Preparation Workers","No formal educational credential",14.0
"Food Science Technicians","Postsecondary nondegree award",18.5
"Food Scientists and Technologists","Bachelor's degree",21.0
"Food Servers, Non Restaurant","No formal educational credential",14.0
"Food Service Managers","High school diploma or equivalent",17.0
"Food and Tobacco Roasting, Baking, and Drying Machine Operators and Tenders","No formal educational credential",14.0
"Foreign Language and Literature Teachers, Postsecondary","Doctoral or professional degree",22.0
"Forensic Science Technicians","Bachelor's degree",21.0
"Forest Fire Inspectors and Prevention Specialists","High school diploma or equivalent",17.0
"Forest and Conservation Technicians","Associate's degree",19.0
"Forest and Conservation Workers","High school diploma or equivalent",17.0
Foresters,"Bachelor's degree",21.0
"Forestry and Conservation Science Teachers, Postsecondary","Doctoral or professional degree",22.0
"Forging Machine Setters, Operators, and Tenders, Metal and Plastic","High school diploma or equivalent",17.0
"Foundry Mold and Coremakers","High school diploma or equivalent",17.0
"Fraud Examiners, Investigators and Analysts","Bachelor's degree",21.0
"Freight Forwarders","High school diploma or equivalent",17.0
"Fuel Cell Engineers","Bachelor's degree",21.0
Fundraisers,"Bachelor's degree",21.0
"Funeral Attendants","High school diploma or equivalent",17.0
"Funeral Home Managers","Associate's degree",19.0
"Furnace, Kiln, Oven, Drier, and Kettle Operators and Tenders","High school diploma or equivalent",17.0
"Furniture Finishers","High school diploma or equivalent",17.0
"Gambling Cage Workers","High school diploma or equivalent",17.0
"Gambling Change Persons and Booth Cashiers","No formal educational credential",14.0
"Gambling Dealers","High school diploma or equivalent",17.0
"Gambling Managers","High school diploma or equivalent",17.0
"Gambling Surveillance Officers and Gambling Investigators","High school diploma or equivalent",17.0
"Gambling and Sports Book Writers and Runners","High school diploma or equivalent",17.0
"Gas Compressor and Gas Pumping Station Operators","High school diploma or equivalent",17.0
"Gas Plant Operators","High school diploma or equivalent",17.0
"Gem and Diamond Workers","High school diploma or equivalent",17.0
"General Internal Medicine Physicians","Doctoral or professional degree",22.0
"General and Operations Managers","Bachelor's degree",21.0
"Genetic Counselors","Master's degree",22.0
Geneticists,"Bachelor's degree",21.0
"Geodetic Surveyors","Bachelor's degree",21.0
Geographers,"Bachelor's degree",21.0
"Geographic Information Systems Technologists and Technicians","Bachelor's degree",21.0
"Geography Teachers, Postsecondary","Doctoral or professional degree",22.0
"Geological Technicians, Except Hydrologic Technicians","Bachelor's degree",21.0
"Geoscientists, Except Hydrologists and Geographers","Bachelor's degree",21.0
"Geothermal Production Managers","Bachelor's degree",21.0
"Geothermal Technicians","High school diploma or equivalent",17.0
"Glass Blowers, Molders, Benders, and Finishers","High school diploma or equivalent",17.0
Glaziers,"High school diploma or equivalent",17.0
"Government Property Inspectors and Investigators","Bachelor's degree",21.0
"Graders and Sorters, Agricultural Products","No formal educational credential",14.0
"Graphic Designers","Bachelor's degree",21.0
"Grinding and Polishing Workers, Hand","No formal educational credential",14.0
"Grinding, Lapping, Polishing, and Buffing Machine Tool Setters, Operators, and Tenders, Metal and Plastic","High school diploma or equivalent",17.0
"Hairdressers, Hair Stylists, and Cosmetologists","Postsecondary nondegree award",18.5
"Hazardous Materials Removal Workers","High school diploma or equivalent",17.0
"Health Education Specialists","Bachelor's degree",21.0
"Health Informatics Specialists","Bachelor's degree",21.0
"Health Specialties Teachers, Postsecondary","Doctoral or professional degree",22.0
"Health and Safety Engineers, Except Mining Safety Engineers and Inspectors","Bachelor's degree",21.0
"Healthcare Social Workers","Master's degree",22.0
"Hearing Aid Specialists","High school diploma or equivalent",17.0
"Heat Treating Equipment Setters, Operators, and Tenders, Metal and Plastic","High school diploma or equivalent",17.0
"Heating, Air Conditioning, and Refrigeration Mechanics and Installers","Postsecondary nondegree award",18.5
"Heavy and Tractor-Trailer Truck Drivers","Postsecondary nondegree award",18.5
"Helpers--Brickmasons, Blockmasons, Stonemasons, and Tile and Marble Setters","No formal educational credential",14.0
Helpers--Carpenters,"No formal educational credential",14.0
Helpers--Electricians,"High school diploma or equivalent",17.0
"Helpers--Extraction Workers","High school diploma or equivalent",17.0
"Helpers--Installation, Maintenance, and Repair Workers","High school diploma or equivalent",17.0
"Helpers--Painters, Paperhangers, Plasterers, and Stucco Masons","No formal educational credential",14.0
"Helpers--Pipelayers, Plumbers, Pipefitters, and Steamfitters","High school diploma or equivalent",17.0
"Helpers--Production Workers","High school diploma or equivalent",17.0
Helpers--Roofers,"No formal educational credential",14.0
"Highway Maintenance Workers","High school diploma or equivalent",17.0
Historians,"Master's degree",22.0
"History Teachers, Postsecondary","Doctoral or professional degree",22.0
"Hoist and Winch Operators","No formal educational credential",14.0
"Home Appliance Repairers","High school diploma or equivalent",17.0
"Home Health Aides","High school diploma or equivalent",17.0
Hospitalists,"Doctoral or professional degree",22.0
"Hosts and Hostesses, Restaurant, Lounge, and Coffee Shop","No formal educational credential",14.0
"Hotel, Motel, and Resort Desk Clerks","High school diploma or equivalent",17.0
"Human Factors Engineers and Ergonomists","Bachelor's degree",21.0
"Human Resources Assistants, Except Payroll and Timekeeping","Associate's degree",19.0
"Human Resources Managers","Bachelor's degree",21.0
"Human Resources Specialists","Bachelor's degree",21.0
"Hydroelectric Plant Technicians","High school diploma or equivalent",17.0
"Hydroelectric Production Managers","Bachelor's degree",21.0
Hydrologists,"Bachelor's degree",21.0
"Industrial Ecologists","Bachelor's degree",21.0
"Industrial Engineering Technologists and Technicians","Associate's degree",19.0
"Industrial Engineers","Bachelor's degree",21.0
"Industrial Machinery Mechanics","High school diploma or equivalent",17.0
"Industrial Production Managers","Bachelor's degree",21.0
"Industrial Truck and Tractor Operators","No formal educational credential",14.0
"Industrial-Organizational Psychologists","Master's degree",22.0
"Information Security Analysts","Bachelor's degree",21.0
"Information Technology Project Managers","Bachelor's degree",21.0
"Inspectors, Testers, Sorters, Samplers, and Weighers","High school diploma or equivalent",17.0
"Instructional Coordinators","Master's degree",22.0
"Insulation Workers, Floor, Ceiling, and Wall","No formal educational credential",14.0
"Insulation Workers, Mechanical","High school diploma or equivalent",17.0
"Insurance Appraisers, Auto Damage","Postsecondary nondegree award",18.5
"Insurance Claims and Policy Processing Clerks","High school diploma or equivalent",17.0
"Insurance Sales Agents","High school diploma or equivalent",17.0
"Insurance Underwriters","Bachelor's degree",21.0
"Intelligence Analysts","High school diploma or equivalent",17.0
"Interior Designers","Bachelor's degree",21.0
"Interpreters and Translators","Bachelor's degree",21.0
"Interviewers, Except Eligibility and Loan","High school diploma or equivalent",17.0
"Investment Fund Managers","Bachelor's degree",21.0
"Janitors and Cleaners, Except Maids and Housekeeping Cleaners","No formal educational credential",14.0
"Jewelers and Precious Stone and Metal Workers","High school diploma or equivalent",17.0
"Judges, Magistrate Judges, and Magistrates","Doctoral or professional degree",22.0
"Judicial Law Clerks","Doctoral or professional degree",22.0
"Kindergarten Teachers, Except Special Education","Bachelor's degree",21.0
"Labor Relations Specialists","Bachelor's degree",21.0
"Laborers and Freight, Stock, and Material Movers, Hand","No formal educational credential",14.0
"Landscape Architects","Bachelor's degree",21.0
"Landscaping and Groundskeeping Workers","No formal educational credential",14.0
"Lathe and Turning Machine Tool Setters, Operators, and Tenders, Metal and Plastic","High school diploma or equivalent",17.0
"Laundry and Dry-Cleaning Workers","No formal educational credential",14.0
"Law Teachers, Postsecondary","Doctoral or professional degree",22.0
Lawyers,"Doctoral or professional degree",22.0
"Layout Workers, Metal and Plastic","High school diploma or equivalent",17.0
"Legal Secretaries and Administrative Assistants","High school diploma or equivalent",17.0
"Librarians and Media Collections Specialists","Master's degree",22.0
"Library Assistants, Clerical","High school diploma or equivalent",17.0
"Library Science Teachers, Postsecondary","Doctoral or professional degree",22.0
"Library Technicians","Postsecondary nondegree award",18.5
"Licensed Practical and Licensed Vocational Nurses","Postsecondary nondegree award",18.5
"Lifeguards, Ski Patrol, and Other Recreational Protective Service Workers","No formal educational credential",14.0
"Light Truck Drivers","High school diploma or equivalent",17.0
"Loading and Moving Machine Operators, Underground Mining","No formal educational credential",14.0
"Loan Interviewers and Clerks","High school diploma or equivalent",17.0
"Loan Officers","Bachelor's degree",21.0
"Locker Room, Coatroom, and Dressing Room Attendants","High school diploma or equivalent",17.0
"Locksmiths and Safe Repairers","High school diploma or equivalent",17.0
"Locomotive Engineers","High school diploma or equivalent",17.0
"Lodging Managers","High school diploma or equivalent",17.0
"Log Graders and Scalers","High school diploma or equivalent",17.0
"Logging Equipment Operators","High school diploma or equivalent",17.0
Logisticians,"Bachelor's degree",21.0
"Logistics Analysts","Bachelor's degree",21.0
"Logistics Engineers","Bachelor's degree",21.0
"Loss Prevention Managers","Bachelor's degree",21.0
"Low Vision Therapists, Orientation and Mobility Specialists, and Vision Rehabilitation Therapists","Master's degree",22.0
"Machine Feeders and Offbearers","No formal educational credential",14.0
Machinists,"High school diploma or equivalent",17.0
"Magnetic Resonance Imaging Technologists","Associate's degree",19.0
"Maids and Housekeeping Cleaners","No formal educational credential",14.0
"Mail Clerks and Mail Machine Operators, Except Postal Service","High school diploma or equivalent",17.0
"Maintenance Workers, Machinery","High school diploma or equivalent",17.0
"Maintenance and Repair Workers, General","High school diploma or equivalent",17.0
"Makeup Artists, Theatrical and Performance","Postsecondary nondegree award",18.5
"Management Analysts","Bachelor's degree",21.0
"Manicurists and Pedicurists","Postsecondary nondegree award",18.5
"Manufactured Building and Mobile Home Installers","High school diploma or equivalent",17.0
"Manufacturing Engineers","Bachelor's degree",21.0
"Marine Engineers and Naval Architects","Bachelor's degree",21.0
"Market Research Analysts and Marketing Specialists","Bachelor's degree",21.0
"Marketing Managers","Bachelor's degree",21.0
"Marriage and Family Therapists","Master's degree",22.0
"Massage Therapists","Postsecondary nondegree award",18.5
"Materials Engineers","Bachelor's degree",21.0
"Materials Scientists","Bachelor's degree",21.0
"Mathematical Science Teachers, Postsecondary","Doctoral or professional degree",22.0
Mathematicians,"Master's degree",22.0
"Meat, Poultry, and Fish Cutters and Trimmers","No formal educational credential",14.0
"Mechanical Door Repairs","High school diploma or equivalent",17.0
"Mechanical Drafters","Associate's degree",19.0
"Mechanical Engineering Technologists and Technicians","Associate's degree",19.0
"Mechanical Engineers","Bachelor's degree",21.0
"Mechatronics Engineers","Bachelor's degree",21.0
"Media Programming Directors","Bachelor's degree",21.0
"Media Technical Directors/Managers","Bachelor's degree",21.0
"Medical Appliance Technicians","High school diploma or equivalent",17.0
"Medical Assistants","Postsecondary nondegree award",18.5
"Medical Equipment Preparers","High school diploma or equivalent",17.0
"Medical Equipment Repairers","Associate's degree",19.0
"Medical Scientists, Except Epidemiologists","Doctoral or professional degree",22.0
"Medical Secretaries and Administrative Assistants","High school diploma or equivalent",17.0
"Medical Transcriptionists","Postsecondary nondegree award",18.5
"Medical and Clinical Laboratory Technicians","Postsecondary nondegree award",18.5
"Medical and Clinical Laboratory Technologists","Bachelor's degree",21.0
"Medical and Health Services Managers","Bachelor's degree",21.0
"Meeting, Convention, and Event Planners","Bachelor's degree",21.0
"Mental Health Counselors","Master's degree",22.0
"Mental Health and Substance Abuse Social Workers","Master's degree",22.0
"Merchandise Displayers and Window Trimmers","High school diploma or equivalent",17.0
"Metal-Refining Furnace Operators and Tenders","High school diploma or equivalent",17.0
"Meter Readers, Utilities","High school diploma or equivalent",17.0
Microbiologists,"Bachelor's degree",21.0
"Microsystems Engineers","Bachelor's degree",21.0
"Middle School Teachers, Except Special and Career/Technical Education","Bachelor's degree",21.0
Midwives,"Doctoral or professional degree",22.0
"Milling and Planing Machine Setters, Operators, and Tenders, Metal and Plastic","High school diploma or equivalent",17.0
Millwrights,"High school diploma or equivalent",17.0
"Mining and Geological Engineers, Including Mining Safety Engineers","Bachelor's degree",21.0
"Mixing and Blending Machine Setters, Operators, and Tenders","High school diploma or equivalent",17.0
"Mobile Heavy Equipment Mechanics, Except Engines","High school diploma or equivalent",17.0
"Model Makers, Metal and Plastic","High school diploma or equivalent",17.0
"Model Makers, Wood","High school diploma or equivalent",17.0
Models,"No formal educational credential",14.0
"Molders, Shapers, and Casters, Except Metal and Plastic","High school diploma or equivalent",17.0
"Molding, Coremaking, and Casting Machine Setters, Operators, and Tenders, Metal and Plastic","High school diploma or equivalent",17.0
"Molecular and Cellular Biologists","Bachelor's degree",21.0
"Morticians, Undertakers, and Funeral Arrangers","Associate's degree",19.0
"Motion Picture Projectionists","No formal educational credential",14.0
"Motorboat Mechanics and Service Technicians","High school diploma or equivalent",17.0
"Motorboat Operators","Postsecondary nondegree award",18.5
"Motorcycle Mechanics","Postsecondary nondegree award",18.5
"Multiple Machine Tool Setters, Operators, and Tenders, Metal and Plastic","High school diploma or equivalent",17.0
"Museum Technicians and Conservators","Bachelor's degree",21.0
"Music Directors and Composers","Bachelor's degree",21.0
"Music Therapists","Bachelor's degree",21.0
"Musical Instrument Repairers and Tuners","High school diploma or equivalent",17.0
"Musicians and Singers","No formal educational credential",14.0
Nannies,"High school diploma or equivalent",17.0
"Nanosystems Engineers","Bachelor's degree",21.0
"Nanotechnology Engineering Technologists and Technicians","Associate's degree",19.0
"Natural Sciences Managers","Bachelor's degree",21.0
"Naturopathic Physicians","Doctoral or professional degree",22.0
"Network and Computer Systems Administrators","Bachelor's degree",21.0
"Neurodiagnostic Technologists","Postsecondary nondegree award",18.5
Neurologists,"Doctoral or professional degree",22.0
"New Accounts Clerks","High school diploma or equivalent",17.0
"News Analysts, Reporters, and Journalists","Bachelor's degree",21.0
"Non-Destructive Testing Specialists","High school diploma or equivalent",17.0
"Nuclear Engineers","Bachelor's degree",21.0
"Nuclear Medicine Technologists","Associate's degree",19.0
"Nuclear Monitoring Technicians","Associate's degree",19.0
"Nuclear Power Reactor Operators","High school diploma or equivalent",17.0
"Nuclear Technicians","Associate's degree",19.0
"Nurse Anesthetists","Master's degree",22.0
"Nurse Midwives","Master's degree",22.0
"Nurse Practitioners","Master's degree",22.0
"Nursing Assistants","Postsecondary nondegree award",18.5
"Nursing Instructors and Teachers, Postsecondary","Doctoral or professional degree",22.0
"Obstetricians and Gynecologists","Doctoral or professional degree",22.0
"Occupational Health and Safety Specialists","Bachelor's degree",21.0
"Occupational Health and Safety Technicians","High school diploma or equivalent",17.0
"Occupational Therapists","Master's degree",22.0
"Occupational Therapy Aides","High school diploma or equivalent",17.0
"Occupational Therapy Assistants","Associate's degree",19.0
"Office Clerks, General","High school diploma or equivalent",17.0
"Office Machine Operators, Except Computer","High school diploma or equivalent",17.0
"Online Merchants","Bachelor's degree",21.0
"Operating Engineers and Other Construction Equipment Operators","High school diploma or equivalent",17.0
"Operations Research Analysts","Bachelor's degree",21.0
"Ophthalmic Laboratory Technicians","High school diploma or equivalent",17.0
"Ophthalmic Medical Technicians","Postsecondary nondegree award",18.5
"Ophthalmic Medical Technologists","Postsecondary nondegree award",18.5
"Ophthalmologists, Except Pediatric","Doctoral or professional degree",22.0
"Opticians, Dispensing","High school diploma or equivalent",17.0
Optometrists,"Doctoral or professional degree",22.0
"Oral and Maxillofacial Surgeons","Doctoral or professional degree",22.0
"Order Clerks","Some college, no degree",18.0
Orderlies,"High school diploma or equivalent",17.0
Orthodontists,"Doctoral or professional degree",22.0
Orthoptists,"Doctoral or professional degree",22.0
"Orthotists and Prosthetists","Master's degree",22.0
"Outdoor Power Equipment and Other Small Engine Mechanics","High school diploma or equivalent",17.0
"Packaging and Filling Machine Operators and Tenders","High school diploma or equivalent",17.0
"Packers and Packagers, Hand","No formal educational credential",14.0
"Painters, Construction and Maintenance","No formal educational credential",14.0
"Painting, Coating, and Decorating Workers","No formal educational credential",14.0
"Paper Goods Machine Setters, Operators, and Tenders","High school diploma or equivalent",17.0
Paperhangers,"No formal educational credential",14.0
"Paralegals and Legal Assistants","Associate's degree",19.0
"Park Naturalists","Bachelor's degree",21.0
"Parking Attendants","No formal educational credential",14.0
"Parking Enforcement Workers","High school diploma or equivalent",17.0
"Parts Salespersons","No formal educational credential",14.0
"Passenger Attendants","High school diploma or equivalent",17.0
"Patient Representatives","Postsecondary nondegree award",18.5
"Patternmakers, Metal and Plastic","High school diploma or equivalent",17.0
"Patternmakers, Wood","High school diploma or equivalent",17.0
"Paving, Surfacing, and Tamping Equipment Operators","High school diploma or equivalent",17.0
"Payroll and Timekeeping Clerks","High school diploma or equivalent",17.0
"Pediatricians, General","Doctoral or professional degree",22.0
"Personal Care Aides","High school diploma or equivalent",17.0
"Personal Financial Advisors","Bachelor's degree",21.0
"Pest Control Workers","High school diploma or equivalent",17.0
"Pesticide Handlers, Sprayers, and Applicators, Vegetation","High school diploma or equivalent",17.0
"Petroleum Engineers","Bachelor's degree",21.0
"Petroleum Pump System Operators, Refinery Operators, and Gaugers","High school diploma or equivalent",17.0
Pharmacists,"Doctoral or professional degree",22.0
"Pharmacy Aides","High school diploma or equivalent",17.0
"Pharmacy Technicians","High school diploma or equivalent",17.0
"Philosophy and Religion Teachers, Postsecondary","Doctoral or professional degree",22.0
Phlebotomists,"Postsecondary nondegree award",18.5
Photographers,"High school diploma or equivalent",17.0
"Photographic Process Workers and Processing Machine Operators","High school diploma or equivalent",17.0
"Photonics Engineers","Bachelor's degree",21.0
"Photonics Technicians","Postsecondary nondegree award",18.5
"Physical Medicine and Rehabilitation Physicians","Doctoral or professional degree",22.0
"Physical Therapist Aides","High school diploma or equivalent",17.0
"Physical Therapist Assistants","Associate's degree",19.0
"Physical Therapists","Doctoral or professional degree",22.0
"Physician Assistants","Master's degree",22.0
"Physicians, Pathologists","Doctoral or professional degree",22.0
Physicists,"Doctoral or professional degree",22.0
"Physics Teachers, Postsecondary","Doctoral or professional degree",22.0
"Pile Driver Operators","High school diploma or equivalent",17.0
Pipelayers,"No formal educational credential",14.0
"Plasterers and Stucco Masons","No formal educational credential",14.0
"Plating Machine Setters, Operators, and Tenders, Metal and Plastic","High school diploma or equivalent",17.0
"Plumbers, Pipefitters, and Steamfitters","High school diploma or equivalent",17.0
Podiatrists,"Doctoral or professional degree",22.0
"Poets, Lyricists and Creative Writers","Bachelor's degree",21.0
"Police Identification and Records Officers","High school diploma or equivalent",17.0
"Police and Sheriff's Patrol Officers","High school diploma or equivalent",17.0
"Political Science Teachers, Postsecondary","Doctoral or professional degree",22.0
"Political Scientists","Master's degree",22.0
"Postal Service Clerks","High school diploma or equivalent",17.0
"Postal Service Mail Carriers","High school diploma or equivalent",17.0
"Postal Service Mail Sorters, Processors, and Processing Machine Operators","High school diploma or equivalent",17.0
"Postmasters and Mail Superintendents","High school diploma or equivalent",17.0
"Potters, Manufacturing","High school diploma or equivalent",17.0
"Pourers and Casters, Metal","High school diploma or equivalent",17.0
"Power Distributors and Dispatchers","High school diploma or equivalent",17.0
"Power Plant Operators","High school diploma or equivalent",17.0
"Precision Agriculture Technicians","Bachelor's degree",21.0
"Prepress Technicians and Workers","Postsecondary nondegree award",18.5
"Preschool Teachers, Except Special Education","Associate's degree",19.0
"Pressers, Textile, Garment, and Related Materials","No formal educational credential",14.0
"Preventive Medicine Physicians","Doctoral or professional degree",22.0
"Print Binding and Finishing Workers","High school diploma or equivalent",17.0
"Printing Press Operators","High school diploma or equivalent",17.0
"Private Detectives and Investigators","High school diploma or equivalent",17.0
"Probation Officers and Correctional Treatment Specialists","Bachelor's degree",21.0
"Procurement Clerks","High school diploma or equivalent",17.0
"Producers and Directors","Bachelor's degree",21.0
"Production, Planning, and Expediting Clerks","High school diploma or equivalent",17.0
"Proofreaders and Copy Markers","Bachelor's degree",21.0
"Property, Real Estate, and Community Association Managers","High school diploma or equivalent",17.0
Prosthodontists,"Doctoral or professional degree",22.0
"Psychiatric Aides","High school diploma or equivalent",17.0
"Psychiatric Technicians","Postsecondary nondegree award",18.5
Psychiatrists,"Doctoral or professional degree",22.0
"Psychology Teachers, Postsecondary","Doctoral or professional degree",22.0
"Public Relations Specialists","Bachelor's degree",21.0
"Public Safety Telecommunicators","High school diploma or equivalent",17.0
"Pump Operators, Except Wellhead Pumpers","High school diploma or equivalent",17.0
"Purchasing Agents, Except Wholesale, Retail, and Farm Products","Bachelor's degree",21.0
"Purchasing Managers","Bachelor's degree",21.0
"Quality Control Analysts","Associate's degree",19.0
"Quality Control Systems Managers","Bachelor's degree",21.0
"Radiation Therapists","Associate's degree",19.0
"Radio Frequency Identification Device Specialists","Bachelor's degree",21.0
"Radio, Cellular, and Tower Equipment Installers and Repairers","Associate's degree",19.0
"Radiologic Technologists and Technicians","Associate's degree",19.0
Radiologists,"Doctoral or professional degree",22.0
"Rail Car Repairers","High school diploma or equivalent",17.0
"Rail Yard Engineers, Dinkey Operators, and Hostlers","High school diploma or equivalent",17.0
"Rail-Track Laying and Maintenance Equipment Operators","High school diploma or equivalent",17.0
"Railroad Brake, Signal, and Switch Operators and Locomotive Firers","High school diploma or equivalent",17.0
"Railroad Conductors and Yardmasters","High school diploma or equivalent",17.0
"Range Managers","Bachelor's degree",21.0
"Real Estate Brokers","High school diploma or equivalent",17.0
"Real Estate Sales Agents","High school diploma or equivalent",17.0
"Receptionists and Information Clerks","High school diploma or equivalent",17.0
"Recreation Workers","High school diploma or equivalent",17.0
"Recreation and Fitness Studies Teachers, Postsecondary","Doctoral or professional degree",22.0
"Recreational Therapists","Bachelor's degree",21.0
"Recreational Vehicle Service Technicians","High school diploma or equivalent",17.0
"Recycling Coordinators","High school diploma or equivalent",17.0
"Recycling and Reclamation Workers","No formal educational credential",14.0
"Refractory Materials Repairers, Except Brickmasons","High school diploma or equivalent",17.0
"Refuse and Recyclable Material Collectors","No formal educational credential",14.0
"Registered Nurses","Bachelor's degree",21.0
"Regulatory Affairs Managers","Bachelor's degree",21.0
"Regulatory Affairs Specialists","Bachelor's degree",21.0
"Rehabilitation Counselors","Master's degree",22.0
"Reinforcing Iron and Rebar Workers","High school diploma or equivalent",17.0
"Remote Sensing Scientists and Technologists","Bachelor's degree",21.0
"Remote Sensing Technicians","Associate's degree",19.0
"Reservation and Transportation Ticket Agents and Travel Clerks","High school diploma or equivalent",17.0
"Residential Advisors","High school diploma or equivalent",17.0
"Respiratory Therapists","Associate's degree",19.0
"Retail Loss Prevention Specialists","High school diploma or equivalent",17.0
"Retail Salespersons","No formal educational credential",14.0
Riggers,"High school diploma or equivalent",17.0
"Robotics Engineers","Bachelor's degree",21.0
"Robotics Technicians","Associate's degree",19.0
"Rock Splitters, Quarry","No formal educational credential",14.0
"Rolling Machine Setters, Operators, and Tenders, Metal and Plastic","High school diploma or equivalent",17.0
"Roof Bolters, Mining","High school diploma or equivalent",17.0
Roofers,"No formal educational credential",14.0
"Rotary Drill Operators, Oil and Gas","No formal educational credential",14.0
"Roustabouts, Oil and Gas","No formal educational credential",14.0
"Sailors and Marine Oilers","No formal educational credential",14.0
"Sales Engineers","Bachelor's degree",21.0
"Sales Managers","Bachelor's degree",21.0
"Sales Representatives, Wholesale and Manufacturing, Except Technical and Scientific Products","High school diploma or equivalent",17.0
"Sales Representatives, Wholesale and Manufacturing, Technical and Scientific Products","Bachelor's degree",21.0
"Sawing Machine Setters, Operators, and Tenders, Wood","High school diploma or equivalent",17.0
"School Psychologists","Master's degree",22.0
"Search Marketing Strategists","Bachelor's degree",21.0
"Secondary School Teachers, Except Special and Career/Technical Education","Bachelor's degree",21.0
"Secretaries and Administrative Assistants, Except Legal, Medical, and Executive","High school diploma or equivalent",17.0
"Securities, Commodities, and Financial Services Sales Agents","Bachelor's degree",21.0
"Security Guards","High school diploma or equivalent",17.0
"Security and Fire Alarm Systems Installers","High school diploma or equivalent",17.0
"Segmental Pavers","High school diploma or equivalent",17.0
"Self-Enrichment Teachers","High school diploma or equivalent",17.0
"Semiconductor Processing Technicians","High school diploma or equivalent",17.0
"Separating, Filtering, Clarifying, Precipitating, and Still Machine Setters, Operators, and Tenders","High school diploma or equivalent",17.0
"Septic Tank Servicers and Sewer Pipe Cleaners","High school diploma or equivalent",17.0
"Service Unit Operators, Oil and Gas","No formal educational credential",14.0
"Set and Exhibit Designers","Bachelor's degree",21.0
"Sewers, Hand","No formal educational credential",14.0
"Sewing Machine Operators","No formal educational credential",14.0
Shampooers,"No formal educational credential",14.0
"Sheet Metal Workers","High school diploma or equivalent",17.0
"Ship Engineers","Postsecondary nondegree award",18.5
"Shipping, Receiving, and Inventory Clerks","High school diploma or equivalent",17.0
"Shoe Machine Operators and Tenders","High school diploma or equivalent",17.0
"Shoe and Leather Workers and Repairers","High school diploma or equivalent",17.0
"Signal and Track Switch Repairers","High school diploma or equivalent",17.0
"Skincare Specialists","Postsecondary nondegree award",18.5
"Slaughterers and Meat Packers","No formal educational credential",14.0
"Social Science Research Assistants","Bachelor's degree",21.0
"Social Work Teachers, Postsecondary","Doctoral or professional degree",22.0
"Social and Community Service Managers","Bachelor's degree",21.0
"Social and Human Service Assistants","High school diploma or equivalent",17.0
Sociologists,"Master's degree",22.0
"Sociology Teachers, Postsecondary","Doctoral or professional degree",22.0
"Software Quality Assurance Analysts and Testers","Bachelor's degree",21.0
"Soil and Plant Scientists","Bachelor's degree",21.0
"Solar Energy Installation Managers","High school diploma or equivalent",17.0
"Solar Energy Systems Engineers","Bachelor's degree",21.0
"Solar Photovoltaic Installers","High school diploma or equivalent",17.0
"Solar Sales Representatives and Assessors","Bachelor's degree",21.0
"Solar Thermal Installers and Technicians","High school diploma or equivalent",17.0
"Sound Engineering Technicians","Postsecondary nondegree award",18.5
"Spa Managers","Postsecondary nondegree award",18.5
"Special Education Teachers, Middle School","Bachelor's degree",21.0
"Special Education Teachers, Preschool","Bachelor's degree",21.0
"Special Education Teachers, Secondary School","Bachelor's degree",21.0
"Special Effects Artists and Animators","Bachelor's degree",21.0
"Speech-Language Pathologists","Master's degree",22.0
"Speech-Language Pathology Assistants","High school diploma or equivalent",17.0
"Sports Medicine Physicians","Doctoral or professional degree",22.0
"Stationary Engineers and Boiler Operators","High school diploma or equivalent",17.0
"Statistical Assistants","Bachelor's degree",21.0
Statisticians,"Master's degree",22.0
"Stockers and Order Fillers","High school diploma or equivalent",17.0
"Stone Cutters and Carvers, Manufacturing","High school diploma or equivalent",17.0
Stonemasons,"High school diploma or equivalent",17.0
"Structural Iron and Steel Workers","High school diploma or equivalent",17.0
"Structural Metal Fabricators and Fitters","High school diploma or equivalent",17.0
"Substance Abuse and Behavioral Disorder Counselors","Master's degree",22.0
"Subway and Streetcar Operators","High school diploma or equivalent",17.0
"Supply Chain Managers","High school diploma or equivalent",17.0
"Surgical Assistants","Postsecondary nondegree award",18.5
"Surgical Technologists","Postsecondary nondegree award",18.5
"Survey Researchers","Master's degree",22.0
"Surveying and Mapping Technicians","High school diploma or equivalent",17.0
Surveyors,"Bachelor's degree",21.0
"Sustainability Specialists","Bachelor's degree",21.0
"Switchboard Operators, Including Answering Service","High school diploma or equivalent",17.0
"Tailors, Dressmakers, and Custom Sewers","No formal educational credential",14.0
"Talent Directors","Bachelor's degree",21.0
"Tank Car, Truck, and Ship Loaders","No formal educational credential",14.0
Tapers,"No formal educational credential",14.0
"Tax Examiners and Collectors, and Revenue Agents","Bachelor's degree",21.0
"Tax Preparers","High school diploma or equivalent",17.0
"Teaching Assistants, Postsecondary","Bachelor's degree",21.0
"Team Assemblers","High school diploma or equivalent",17.0
"Technical Writers","Bachelor's degree",21.0
"Telecommunications Engineering Specialists","Bachelor's degree",21.0
"Telecommunications Equipment Installers and Repairers, Except Line Installers","Postsecondary nondegree award",18.5
"Telecommunications Line Installers and Repairers","High school diploma or equivalent",17.0
Telemarketers,"No formal educational credential",14.0
"Telephone Operators","High school diploma or equivalent",17.0
Tellers,"High school diploma or equivalent",17.0
"Terrazzo Workers and Finishers","High school diploma or equivalent",17.0
"Textile Bleaching and Dyeing Machine Operators and Tenders","High school diploma or equivalent",17.0
"Textile Cutting Machine Setters, Operators, and Tenders","High school diploma or equivalent",17.0
"Textile Knitting and Weaving Machine Setters, Operators, and Tenders","High school diploma or equivalent",17.0
"Textile Winding, Twisting, and Drawing Out Machine Setters, Operators, and Tenders","High school diploma or equivalent",17.0
"Tile and Stone Setters","No formal educational credential",14.0
"Timing Device Assemblers and Adjusters","High school diploma or equivalent",17.0
"Tire Builders","High school diploma or equivalent",17.0
"Tire Repairers and Changers","High school diploma or equivalent",17.0
"Title Examiners, Abstractors, and Searchers","High school diploma or equivalent",17.0
"Tool Grinders, Filers, and Sharpeners","High school diploma or equivalent",17.0
"Tool and Die Makers","Postsecondary nondegree award",18.5
"Tour Guides and Escorts","Postsecondary nondegree award",18.5
"Traffic Technicians","High school diploma or equivalent",17.0
"Training and Development Managers","Bachelor's degree",21.0
"Training and Development Specialists","Bachelor's degree",21.0
"Transit and Railroad Police","High school diploma or equivalent",17.0
"Transportation Engineers","Bachelor's degree",21.0
"Transportation Inspectors","High school diploma or equivalent",17.0
"Transportation Planners","Bachelor's degree",21.0
"Transportation Security Screeners","High school diploma or equivalent",17.0
"Transportation Vehicle, Equipment and Systems Inspectors, Except Aviation","High school diploma or equivalent",17.0
"Transportation, Storage, and Distribution Managers","High school diploma or equivalent",17.0
"Travel Agents","High school diploma or equivalent",17.0
"Travel Guides","Postsecondary nondegree award",18.5
"Treasurers and Controllers","Bachelor's degree",21.0
"Tree Trimmers and Pruners","High school diploma or equivalent",17.0
Tutors,"Bachelor's degree",21.0
"Umpires, Referees, and Other Sports Officials","High school diploma or equivalent",17.0
Upholsterers,"High school diploma or equivalent",17.0
"Urban and Regional Planners","Master's degree",22.0
Urologists,"Doctoral or professional degree",22.0
"Ushers, Lobby Attendants, and Ticket Takers","No formal educational credential",14.0
"Validation Engineers","Bachelor's degree",21.0
Veterinarians,"Doctoral or professional degree",22.0
"Veterinary Assistants and Laboratory Animal Caretakers","High school diploma or equivalent",17.0
"Veterinary Technologists and Technicians","Associate's degree",19.0
"Video Game Designers","Bachelor's degree",21.0
"Waiters and Waitresses","No formal educational credential",14.0
"Watch and Clock Repairers","High school diploma or equivalent",17.0
"Water Resource Specialists","Bachelor's degree",21.0
"Water and Wastewater Treatment Plant and System Operators","High school diploma or equivalent",17.0
"Water/Wastewater Engineers","Bachelor's degree",21.0
"Weatherization Installers and Technicians","High school diploma or equivalent",17.0
"Web Administrators","Bachelor's degree",21.0
"Web Developers","Postsecondary nondegree award",18.5
"Weighers, Measurers, Checkers, and Samplers, Recordkeeping","High school diploma or equivalent",17.0
"Welders, Cutters, Solderers, and Brazers","High school diploma or equivalent",17.0
"Welding, Soldering, and Brazing Machine Setters, Operators, and Tenders","High school diploma or equivalent",17.0
"Wellhead Pumpers","High school diploma or equivalent",17.0
"Wholesale and Retail Buyers, Except Farm Products","Postsecondary nondegree award",18.5
"Wind Energy Development Managers","Bachelor's degree",21.0
"Wind Energy Engineers","Bachelor's degree",21.0
"Wind Energy Operations Managers","Postsecondary nondegree award",18.5
"Wind Turbine Service Technicians","Postsecondary nondegree award",18.5
"Woodworking Machine Setters, Operators, and Tenders, Except Sawing","High school diploma or equivalent",17.0
"Word Processors and Typists","High school diploma or equivalent",17.0
"Writers and Authors","Bachelor's degree",21.0
"Zoologists and Wildlife Biologists","Bachelor's degree",21.0
